removed_feature,set,rep,rmse,accuracy,r2
none,Train,0,0.007698425087013529,0.49504299728034756,0.2446913192290977
none,Development,0,0.007792711364327047,0.45345343060826354,0.20492634374717877
none,Test,0,0.007712313423831822,0.47250268643678006,0.22277140945867546
gerp,Train,0,0.007629884818211487,0.5080517823274677,0.25808070873497546
gerp,Development,0,0.007691993760848269,0.476350437349149,0.22534553352793096
gerp,Test,0,0.007614753267962154,0.49360211905773177,0.24231079755442764
mr,Train,0,0.007759952845583413,0.4838868479426271,0.2325698373906422
mr,Development,0,0.007822584471341544,0.4467220642256615,0.19881888146236737
mr,Test,0,0.007791454565513144,0.456317175737609,0.20673825420120195
tau,Train,0,0.007659316257717622,0.5075252813726535,0.2523459256379875
tau,Development,0,0.007733203081826945,0.46667688226698134,0.21702298461926894
tau,Test,0,0.007728683187025348,0.46944370639200483,0.21946849633238574
SIFTsorghum,Train,0,0.007638822126244703,0.5085388174324067,0.25634158818743547
SIFTsorghum,Development,0,0.0077545091212941905,0.46344233555060355,0.21270262220014913
SIFTsorghum,Test,0,0.007658135100966515,0.486315466827257,0.23365297855705613
SIFTcounts,Train,0,0.00813821099350204,0.3971344857590136,0.15592975550462562
SIFTcounts,Development,0,0.008247981074060846,0.33472226495773116,0.10931221962675719
SIFTcounts,Test,0,0.008105454548926397,0.3783604808839491,0.14151210450701868
frac,Train,0,0.007790711030902817,0.4766880811082248,0.22647404252811454
frac,Development,0,0.007826485745804414,0.4455336397550071,0.1980195530933806
frac,Test,0,0.007772844044568346,0.45916044902502384,0.21052326838117708
rho,Train,0,0.007805159966890358,0.4823452904972986,0.223602163109326
rho,Development,0,0.00791384199757343,0.4388400308715956,0.18001684063586998
rho,Test,0,0.007878793780045227,0.44643890981775247,0.18885425723255744
Mpi,Train,0,0.007677167639006586,0.500539994131621,0.24885678617203577
Mpi,Development,0,0.007843166678897064,0.44164290803541445,0.19459731763828203
Mpi,Test,0,0.007827459847300116,0.4473002154912715,0.19938979164339576
Mexp,Train,0,0.007699352330696187,0.49824300500949253,0.2445093606149037
Mexp,Development,0,0.007775527636935084,0.45684527605560693,0.20842891555039067
Mexp,Test,0,0.00778068246729955,0.45763011850687785,0.20893019059539297
Sexp,Train,0,0.007726188583104188,0.49483640103052834,0.2392336256494737
Sexp,Development,0,0.0077570612371383055,0.46225659008306286,0.21218431608421506
Sexp,Test,0,0.007681740827455863,0.481919186635566,0.22892126284000913
winLen,Train,0,0.007866491187191408,0.4630642516774093,0.2113526997847972
winLen,Development,0,0.007936866153572605,0.4188887185779799,0.17523865991711451
winLen,Test,0,0.007901262634874995,0.42962824490866175,0.18422118665327614
geneLen,Train,0,0.007685315726635792,0.4993864891436857,0.24726150288013804
geneLen,Development,0,0.007778514732758938,0.4560883145871756,0.20782060882924025
geneLen,Test,0,0.00766081538398863,0.48314746439720674,0.2331164546306359
none,Train,1,0.007680503774277036,0.499275152455882,0.24658665417144843
none,Development,1,0.00782463840617374,0.4863119456018846,0.23416885616296312
none,Test,1,0.00746874203278407,0.500800180380481,0.24865133930373762
gerp,Train,1,0.0076982267941336285,0.4956384700412928,0.24310558937375915
gerp,Development,1,0.007857136125563713,0.47906789934463345,0.227794261724808
gerp,Test,1,0.007526570901068118,0.48843502653936555,0.236971232218113
mr,Train,1,0.007586311629038074,0.516104933823979,0.2649527581056228
mr,Development,1,0.007791328589785661,0.4914479048837167,0.2406753285492118
mr,Test,1,0.007396997143835533,0.5136061533967047,0.2630169493820034
tau,Train,1,0.007782551099121952,0.476089418330919,0.22643313854506564
tau,Development,1,0.008015662259151604,0.44331957366614166,0.19631976191386658
tau,Test,1,0.007587884460349898,0.4738420260609617,0.22448890313577952
SIFTsorghum,Train,1,0.007709066435696453,0.4975528130042219,0.24097256820896285
SIFTsorghum,Development,1,0.007871370560694929,0.48079125567070186,0.22499378350963062
SIFTsorghum,Test,1,0.007511439582904159,0.4952603851901537,0.2400361141181213
SIFTcounts,Train,1,0.008095768481890578,0.4037827647282331,0.16291404524984043
SIFTcounts,Development,1,0.008296029025858041,0.37343152167334237,0.13911528794262784
SIFTcounts,Test,1,0.007976855950356859,0.37848721249201395,0.14294222952763536
frac,Train,1,0.007677439561818905,0.49752782305952625,0.24718769756787484
frac,Development,1,0.007798786040913742,0.48948621556984917,0.23922106139900068
frac,Test,1,0.007444398262260135,0.5037653250908951,0.25354127949036587
rho,Train,1,0.007774635820754547,0.4785696214972446,0.22800585763306636
rho,Development,1,0.00791382679839217,0.4663904761006988,0.21661085056964546
rho,Test,1,0.007610506998639585,0.4697198577628706,0.21985778823621527
Mpi,Train,1,0.007653677535120691,0.5056710808968822,0.25184046318345077
Mpi,Development,1,0.0077851703181015175,0.4947580734675282,0.24187519569949167
Mpi,Test,1,0.007491950835351531,0.49654591555075206,0.2439745151680588
Mexp,Train,1,0.007628714516917979,0.5093393609400108,0.256712856349149
Mexp,Development,1,0.007785447466571399,0.4929563628713938,0.2418212169524968
Mexp,Test,1,0.007475294469501144,0.49848722629997766,0.24733242264756816
Sexp,Train,1,0.00770566098593304,0.4932615264756711,0.24164301485522788
Sexp,Development,1,0.007827131747289795,0.4844246351920026,0.23368071028073156
Sexp,Test,1,0.007496046290124537,0.4944116255256482,0.2431477306544465
winLen,Train,1,0.00804716508768904,0.41753757853930584,0.17293485815943999
winLen,Development,1,0.008228120162154068,0.39221262272457974,0.1531515038737724
winLen,Test,1,0.007850833556931924,0.41323777544894796,0.16980877595935195
geneLen,Train,1,0.007742433616458788,0.48623013459940795,0.23438774594753287
geneLen,Development,1,0.007938523804497966,0.46116626325220667,0.21171371138191175
geneLen,Test,1,0.007605226025535666,0.47086543908415057,0.22094010262711095
none,Train,2,0.007674786987004596,0.49186720843354786,0.2413658282708624
none,Development,2,0.008230758797901265,0.442430007006475,0.19494106083561835
none,Test,2,0.007671034350826731,0.4678627546088213,0.21854869335263538
gerp,Train,2,0.007720198258946011,0.4843649194419725,0.23236167905552918
gerp,Development,2,0.008253121732182787,0.43701525231838145,0.19056043487418417
gerp,Test,2,0.007708096025587879,0.4603520733622149,0.21097947757664826
mr,Train,2,0.00763264554098998,0.49976681255403044,0.2496741159821494
mr,Development,2,0.008177155100544849,0.45486737021900187,0.20539297998961337
mr,Test,2,0.0075427808371681315,0.4952285792221198,0.24446072556613785
tau,Train,2,0.007680336246915418,0.49097911059138444,0.24026836975541632
tau,Development,2,0.008132555633234693,0.4626715236432388,0.21403716108982607
tau,Test,2,0.007704766458086463,0.4602250786341284,0.2116609765315013
SIFTsorghum,Train,2,0.00759959316545411,0.5074551173269816,0.25615846161003686
SIFTsorghum,Development,2,0.008093315617794163,0.47125355272467606,0.22160348835957633
SIFTsorghum,Test,2,0.007509408901536745,0.5027441584500206,0.25113148298708454
SIFTcounts,Train,2,0.008063425204764737,0.40355857595292816,0.16258860980286893
SIFTcounts,Development,2,0.008502308556079061,0.375598889435599,0.14094365367445327
SIFTcounts,Test,2,0.007982920425580011,0.3921683757385452,0.15371300499814256
frac,Train,2,0.007592297177864586,0.5079617741268945,0.25758602579443457
frac,Development,2,0.008060716935810319,0.4774977570738489,0.22786139272421801
frac,Test,2,0.0075392030183893,0.49562075982678294,0.2451773157874414
rho,Train,2,0.007830644665226795,0.46120928450241305,0.21024065316702734
rho,Development,2,0.008312358014167359,0.4235084605238724,0.17889932905057315
rho,Test,2,0.007815985380969859,0.4356707252009302,0.18873723482135185
Mpi,Train,2,0.007590533653129373,0.5145367378376332,0.2579308788263269
Mpi,Development,2,0.00801633838815253,0.4903447438776321,0.2363400585484644
Mpi,Test,2,0.007522592651841183,0.5068581043426051,0.2484997013784499
Mexp,Train,2,0.007595772732628225,0.511831535457415,0.25690615487759594
Mexp,Development,2,0.007993289067970824,0.4937691214355067,0.24072523702366144
Mexp,Test,2,0.00749095790352471,0.5128241638139637,0.2548069777454086
Sexp,Train,2,0.007637765213072582,0.5021975329531047,0.24866720146041954
Sexp,Development,2,0.008139022440927977,0.4660771139078651,0.21278670758670937
Sexp,Test,2,0.007618024735335444,0.4844875762797708,0.22931159767856268
winLen,Train,2,0.007732290804408108,0.48077654857065044,0.2299550125502856
winLen,Development,2,0.00815117284614036,0.4599759661403147,0.210434557773872
winLen,Test,2,0.007717612575857484,0.459641710048607,0.2090299977933977
geneLen,Train,2,0.007736314071826913,0.48320345509750007,0.2291534640858851
geneLen,Development,2,0.008169122967740554,0.4582396196373042,0.20695324255892145
geneLen,Test,2,0.007677416356717386,0.4715534923781692,0.21724787752919472
none,Train,3,0.007637820144064155,0.5062870177859718,0.2558730808714994
none,Development,3,0.007563548836689615,0.4949706595233949,0.24430989815126591
none,Test,3,0.007683887407454973,0.4916167533793139,0.2406537416678396
gerp,Train,3,0.007634490521641545,0.5087221044485796,0.25652172710144483
gerp,Development,3,0.0075347878337713,0.5011761072877091,0.25004611597198356
gerp,Test,3,0.007750776365012448,0.47817329380024964,0.22737583922912052
mr,Train,3,0.007778646578483243,0.4835346489067179,0.22817962248629042
mr,Development,3,0.007624575424813118,0.4878886945758159,0.23206611202653016
mr,Test,3,0.007811555065691298,0.46738668504923186,0.2152110680528354
tau,Train,3,0.007678554720094483,0.4979239762889884,0.24791465182931005
tau,Development,3,0.007617316832579132,0.4837867956723602,0.23352756144914566
tau,Test,3,0.00780611075081307,0.466886682961505,0.2163046144980435
SIFTsorghum,Train,3,0.007761736424628796,0.48406633962936896,0.2315317261287172
SIFTsorghum,Development,3,0.007707042124705764,0.46649014747082884,0.21536447289830496
SIFTsorghum,Test,3,0.007848311015622346,0.45861838682205586,0.20780830979608156
SIFTcounts,Train,3,0.008095771171130688,0.4070217944352546,0.1639647110025344
SIFTcounts,Development,3,0.007981460689403174,0.40009440526282314,0.1584939146430996
SIFTcounts,Test,3,0.00809562011025926,0.39844746315472207,0.1570960026032071
frac,Train,3,0.007638665307952572,0.5081424291711635,0.25570838885608294
frac,Development,3,0.007559091853426742,0.49599292688005076,0.24520024892351666
frac,Test,3,0.007777306671896245,0.4718852090885763,0.2220775215944062
rho,Train,3,0.007905972629401072,0.4516811199773723,0.20270548961918244
rho,Development,3,0.007800715100531291,0.4436170178105405,0.19617531954217848
rho,Test,3,0.007970033732165082,0.42861158497132357,0.18304489428314874
Mpi,Train,3,0.007531663690537884,0.5278296664771652,0.27641425979819245
Mpi,Development,3,0.007418784869985937,0.5235950172075309,0.27296041386733005
Mpi,Test,3,0.00768873125019672,0.49030881626298023,0.2396960719359006
Mexp,Train,3,0.007634798975745315,0.507087691817943,0.25646164881424427
Mexp,Development,3,0.007620644844007007,0.48269209877288083,0.23285767037850158
Mexp,Test,3,0.007738595211557952,0.47943682827609163,0.2298024497986345
Sexp,Train,3,0.007657761362865369,0.503532096369344,0.25198239782762566
Sexp,Development,3,0.007546853439038017,0.49831717367219597,0.24764236085050406
Sexp,Test,3,0.007741137118184187,0.4791912779214766,0.22929639107905253
winLen,Train,3,0.007880674861557935,0.4603198186230439,0.20779973986543054
winLen,Development,3,0.007815509101803998,0.44171307632858614,0.1931235327421159
winLen,Test,3,0.008003299163045404,0.4210359725303874,0.17621102656128296
geneLen,Train,3,0.007733558043919696,0.4889164839273504,0.23710132640162151
geneLen,Development,3,0.0076043999137444885,0.48780545960389415,0.23612481931191198
geneLen,Test,3,0.007826729284604563,0.46100200073543973,0.21215914680282688
none,Train,4,0.007765111305142801,0.47701313934976036,0.225686894416122
none,Development,4,0.008013479309107913,0.45271876678826395,0.20436894723932353
none,Test,4,0.007833377587437698,0.4501256872988805,0.20173138020559456
gerp,Train,4,0.007663421124452579,0.49738982579890917,0.24583456660508463
gerp,Development,4,0.00787200739246446,0.48276511485271867,0.23221350007113772
gerp,Test,4,0.00771209659309783,0.47689420831604773,0.2262585624429274
mr,Train,4,0.007613806151944918,0.5100808664335585,0.25556827954114336
mr,Development,4,0.00783464958960113,0.49272819086844677,0.23948350274118257
mr,Test,4,0.007648674691486937,0.49256246881736054,0.23893225645467409
tau,Train,4,0.007681897683355198,0.4990553096153364,0.24219358700356786
tau,Development,4,0.007959440910808226,0.470774813125566,0.21506334358816193
tau,Test,4,0.007701408938168216,0.4837762258342517,0.22840162466777703
SIFTsorghum,Train,4,0.007651019076089934,0.49949451958760427,0.24827358899055518
SIFTsorghum,Development,4,0.007884633840357537,0.4796909053811254,0.22974851483488934
SIFTsorghum,Test,4,0.007724242075689276,0.4736283140907177,0.223819572501036
SIFTcounts,Train,4,0.0080326123728361,0.41441559539497497,0.17141921230134127
SIFTcounts,Development,4,0.008319879238497445,0.37819905865388886,0.1423629578424649
SIFTcounts,Test,4,0.008091266909502397,0.38519976515088394,0.14830521022196064
frac,Train,4,0.007667488755252876,0.49670298924690454,0.2450337543747183
frac,Development,4,0.007858280036256014,0.4859110596895656,0.2348889267076747
frac,Test,4,0.007661836135434499,0.48734254896266005,0.23631079090554774
rho,Train,4,0.007785652229026932,0.4739192838860583,0.2215849201624206
rho,Development,4,0.008063008946946781,0.44368962136889756,0.1945032944903866
rho,Test,4,0.007915332411075261,0.43271584521607526,0.1849406168405524
Mpi,Train,4,0.007591647028938567,0.5098663902051142,0.2598951428547128
Mpi,Development,4,0.007839279730637283,0.4894637005566678,0.23858433319560512
Mpi,Test,4,0.007711321720474337,0.4765509663434375,0.22641403791719128
Mexp,Train,4,0.007627079548368861,0.5066583303155339,0.2529704328943463
Mexp,Development,4,0.0078533492920997,0.4876958937092347,0.2358487762858712
Mexp,Test,4,0.00773748750477798,0.4712044281620516,0.22115532209590505
Sexp,Train,4,0.007624810236852884,0.5042439231649997,0.2534148993753669
Sexp,Development,4,0.007838278395620514,0.4893137553988351,0.23877883664535926
Sexp,Test,4,0.007705644953883852,0.47799254907091426,0.22755258476879336
winLen,Train,4,0.0077810573254612925,0.4746727866656047,0.22250345252614523
winLen,Development,4,0.008011523794940027,0.45469311053804434,0.20475721253541834
winLen,Test,4,0.007943710663437643,0.42714292885150723,0.1790857966697481
geneLen,Train,4,0.007721483467115519,0.48763316142170526,0.2343633203956138
geneLen,Development,4,0.007991460557672546,0.4585119337902678,0.2087352738693744
geneLen,Test,4,0.007743150203055511,0.47104372584087506,0.22001490635234056
none,Train,5,0.0076101091826635,0.5076010021593546,0.2537311883328369
none,Development,5,0.007767206777953766,0.5019265524496129,0.24876617311265936
none,Test,5,0.007737239498509936,0.4997285637709121,0.2470478476432003
gerp,Train,5,0.007621356973304463,0.5026817433039544,0.25152357783607615
gerp,Development,5,0.00779066453845792,0.49465875451768343,0.24422171479740462
gerp,Test,5,0.007656303843741229,0.513159622716361,0.26271802031305735
mr,Train,5,0.00771578490253413,0.4835286485587156,0.23286156785457135
mr,Development,5,0.007894817076498561,0.47388589936137965,0.22387880297004203
mr,Test,5,0.007914312482869945,0.46110805275928635,0.2121896431401148
tau,Train,5,0.007740703304138715,0.483067813441185,0.22789856500761185
tau,Development,5,0.007883665850321553,0.4821030978914106,0.2260697570231347
tau,Test,5,0.007833001404714143,0.4812276876569228,0.22829430099452297
SIFTsorghum,Train,5,0.007604172063426377,0.5063391099172766,0.254895155493981
SIFTsorghum,Development,5,0.007833906709172217,0.4865118009128058,0.23580851898664956
SIFTsorghum,Test,5,0.007714989234049793,0.5023676583574919,0.2513722052792007
SIFTcounts,Train,5,0.008033245494151823,0.4121225720481848,0.16843616261561034
SIFTcounts,Development,5,0.008298619770079814,0.3781855988576668,0.14245457589788213
SIFTcounts,Test,5,0.008115591274019443,0.4153487243106578,0.17160850445067632
frac,Train,5,0.007689198351783594,0.48868778484057934,0.2381391711728088
frac,Development,5,0.007828579603644126,0.4875315051071672,0.23684747558535268
frac,Test,5,0.0077314342294203964,0.49916352471399483,0.2481773073264102
rho,Train,5,0.007743574093222884,0.4781001872850757,0.22732576139850524
rho,Development,5,0.007916914651841526,0.46870297277469797,0.21952799954517999
rho,Test,5,0.007865964638016764,0.47112757141152467,0.22178557254129427
Mpi,Train,5,0.0076877171532520145,0.48892173551682394,0.23843266300353494
Mpi,Development,5,0.007809119489075856,0.49086813003747704,0.2406368162108482
Mpi,Test,5,0.007794826316767972,0.4858642134279244,0.2357979750323802
Mexp,Train,5,0.00761982592641856,0.5064050557484283,0.2518242690108121
Mexp,Development,5,0.007775192619496524,0.49909188537086047,0.24722061921500404
Mexp,Test,5,0.007676297327500807,0.5146136368665586,0.2588623524827567
Sexp,Train,5,0.007687984655160956,0.4908871262077916,0.2383796630669589
Sexp,Development,5,0.00785989877261418,0.48224785523749303,0.2307290954743001
Sexp,Test,5,0.007859497536290649,0.4727377699361939,0.22306468405833246
winLen,Train,5,0.007760912221812218,0.47561457188988476,0.2238617994064529
winLen,Development,5,0.007903378315882484,0.47282864813120007,0.2221946190259808
winLen,Test,5,0.007886033214687666,0.46750338205914244,0.21780956211503388
geneLen,Train,5,0.007746834498896242,0.47761267533263707,0.22667496067062354
geneLen,Development,5,0.007922565573395934,0.4690847614074157,0.21841343401988544
geneLen,Test,5,0.00788897829264872,0.46733634786202827,0.21722522727777638
none,Train,6,0.007531802266503504,0.5187141771578256,0.26727558432839515
none,Development,6,0.007847712103125409,0.49549508229044126,0.24415239199932048
none,Test,6,0.007847338122862434,0.47937372628543,0.22821460645731517
gerp,Train,6,0.00765289235096185,0.49461443360925944,0.2435259193487942
gerp,Development,6,0.00795477797684228,0.4729728577878594,0.22338773746437302
gerp,Test,6,0.007968991034555948,0.45207026337169043,0.2041000084705441
mr,Train,6,0.0075904545861636245,0.5059842771923921,0.25581927723626074
mr,Development,6,0.007800962424172105,0.5033857108512245,0.25313090278927564
mr,Test,6,0.00789308648254056,0.4687880751761854,0.2191896774558697
tau,Train,6,0.007736653912354271,0.4782483236728218,0.22687595057426857
tau,Development,6,0.00802727234249211,0.4587718934195196,0.209168219771116
tau,Test,6,0.008034785264805357,0.43786912109239945,0.19090340685805263
SIFTsorghum,Train,6,0.0076575857766924115,0.4976731839195933,0.24259776213002016
SIFTsorghum,Development,6,0.007890449863178264,0.4904536170021923,0.23589745268051898
SIFTsorghum,Test,6,0.007997526305880992,0.44575385252946087,0.1983899043560584
SIFTcounts,Train,6,0.00803367333082903,0.4096998267838001,0.16637413712199312
SIFTcounts,Development,6,0.008287902446743708,0.3972287908550147,0.15698096802660266
SIFTcounts,Test,6,0.0083369323277446,0.3596112696176721,0.1289072961400035
frac,Train,6,0.007581191531938847,0.5116571744672386,0.2576344992676265
frac,Development,6,0.007789215161560062,0.5085477842088111,0.2553785899151465
frac,Test,6,0.007850069178454846,0.4799454534140452,0.2276773145598956
rho,Train,6,0.007771220459379653,0.46935465631755247,0.21995204532512724
rho,Development,6,0.008029178671233483,0.45706588882326454,0.2087925593226515
rho,Test,6,0.008072126555130121,0.4286526166183094,0.18336545385236436
Mpi,Train,6,0.007598282458163085,0.5057792360529041,0.2542835707365484
Mpi,Development,6,0.00779568224083593,0.5053287905805806,0.25414161682851755
Mpi,Test,6,0.007925496748967727,0.4612658458987404,0.21276425023636414
Mexp,Train,6,0.0075835681818642395,0.5135281401810395,0.2571689736417385
Mexp,Development,6,0.007816940574289288,0.5055265297134667,0.25006825301429203
Mexp,Test,6,0.007842423909588723,0.4814417339338171,0.22918092915559707
Sexp,Train,6,0.007604283032291542,0.504406677758226,0.25310527981486486
Sexp,Development,6,0.007895277193000982,0.48482561065427926,0.23496221998725375
Sexp,Test,6,0.007930757108277764,0.4602196140615581,0.21171888555347906
winLen,Train,6,0.007733719096064987,0.4786781611592699,0.22746239187656658
winLen,Development,6,0.008001734361902246,0.46413697402778237,0.2141921231850974
winLen,Test,6,0.008017848698008763,0.44091549160630045,0.19431080989232297
geneLen,Train,6,0.007733608291408821,0.4801774403490018,0.22748452874235092
geneLen,Development,6,0.008001824568585806,0.465928278814291,0.21417440564566492
geneLen,Test,6,0.008055727530987527,0.43430292875993837,0.18668017053794206
none,Train,7,0.007629277068935573,0.5062788040332696,0.25304772265167985
none,Development,7,0.0077470858761891515,0.48635820646467914,0.23554264897128696
none,Test,7,0.007828006574239928,0.4730408483456427,0.22174593737947135
gerp,Train,7,0.007601181199165823,0.5118932036990665,0.25853910310326444
gerp,Development,7,0.007659323561483987,0.505389649738183,0.25276474575152974
gerp,Test,7,0.007760683805457308,0.4872033092795411,0.23507472454359513
mr,Train,7,0.0076802850668358045,0.49945483280061337,0.24302635192740074
mr,Development,7,0.007711811859467607,0.4983321882035557,0.24248825205965174
mr,Test,7,0.007910747190797757,0.45949584613986616,0.20520698005300042
tau,Train,7,0.007674949808212229,0.49925165382359604,0.24407767941988823
tau,Development,7,0.007816171661000954,0.47425856858929694,0.22184753280060976
tau,Test,7,0.007927874985553926,0.45735554080360574,0.20176159407293803
SIFTsorghum,Train,7,0.007587808371172763,0.5117402579689423,0.2611457261070991
SIFTsorghum,Development,7,0.0076038912340339465,0.5134939987898811,0.2635414422156127
SIFTsorghum,Test,7,0.007821153808171716,0.47258566396619445,0.22310793384680772
SIFTcounts,Train,7,0.008118772908694387,0.39685933237919574,0.1541236766682066
SIFTcounts,Development,7,0.008239829781016826,0.37364150416369907,0.1352053362234894
SIFTcounts,Test,7,0.008276699621238538,0.3651780306742294,0.129971616609326
frac,Train,7,0.007686076129208394,0.49450753010022974,0.2418843801759445
frac,Development,7,0.0077525696732057,0.4850538102124285,0.23446001926687066
frac,Test,7,0.007905872714368295,0.4542994710857499,0.2061861558851944
rho,Train,7,0.007763891451138804,0.47642027801036024,0.22645605541062386
rho,Development,7,0.007885317878655809,0.45679154179611575,0.20801869113955362
rho,Test,7,0.007941509439363939,0.44650895446070626,0.199013593248074
Mpi,Train,7,0.007615097561471829,0.5081800464727319,0.2558216612251636
Mpi,Development,7,0.007709444528967721,0.4938428141866333,0.24295325443568772
Mpi,Test,7,0.00777464272571334,0.48318562556491906,0.23232055136124674
Mexp,Train,7,0.007599304478857812,0.5096893850902993,0.2589051890851377
Mexp,Development,7,0.007746234241965219,0.48640728701374114,0.23571071274884003
Mexp,Test,7,0.007839677685491493,0.4702260821070425,0.2194235425667047
Sexp,Train,7,0.007608624655239129,0.5088481943523827,0.2570862410474666
Sexp,Development,7,0.007625537069561648,0.5108578466234687,0.25934255242417203
Sexp,Test,7,0.007823220349540107,0.4748726411456997,0.22269733159131533
winLen,Train,7,0.007833843136566505,0.46338774634767294,0.2124541935012937
winLen,Development,7,0.007864477441925187,0.4625106970206467,0.21219948015091006
winLen,Test,7,0.008088758516756186,0.411363816017173,0.16903492078006055
geneLen,Train,7,0.0076737685222943676,0.49594939632410645,0.24431035629591813
geneLen,Development,7,0.00772776517156679,0.4897214605410008,0.239350903431217
geneLen,Test,7,0.007878954685492387,0.4599855052216017,0.2115825309283066
none,Train,8,0.007634066441585468,0.511906324097347,0.2576852662739805
none,Development,8,0.007686555166828672,0.4751008381887244,0.2216668606379475
none,Test,8,0.0077123033807390525,0.4729062355584411,0.22199228832351126
gerp,Train,8,0.007626850632264973,0.513007898789971,0.2590878922920975
gerp,Development,8,0.007610046313798413,0.4895726832942946,0.2370841728963593
gerp,Test,8,0.007584038346722353,0.50133786634206,0.24765553210660007
mr,Train,8,0.007730107240253169,0.49104453855424834,0.23889031601399957
mr,Development,8,0.007722305903819582,0.4637125533197797,0.21440985327760165
mr,Test,8,0.007778988258148916,0.4571860839488919,0.20847994477394416
tau,Train,8,0.007741399470643223,0.49781338624120924,0.23666501610521484
tau,Development,8,0.007739312444909939,0.46686456271559545,0.21094589249288687
tau,Test,8,0.00777133658458624,0.46928404985206335,0.21003631025873426
SIFTsorghum,Train,8,0.007639477114452084,0.5078855610900852,0.2566326567516358
SIFTsorghum,Development,8,0.007717374548460759,0.46472664488820664,0.21541286643962387
SIFTsorghum,Test,8,0.00768956311495519,0.4766559101164266,0.22657354455090717
SIFTcounts,Train,8,0.008053513345103956,0.4171763792742584,0.173872697779761
SIFTcounts,Development,8,0.008119943482696098,0.3644358880864484,0.13142357435388596
SIFTcounts,Test,8,0.00808407864780679,0.38145040740803005,0.14517591237723326
frac,Train,8,0.007692211486778238,0.4988462364174633,0.24633448855388684
frac,Development,8,0.007618319807465906,0.48742659447480335,0.23542441679653425
frac,Test,8,0.007713459031894842,0.47296993991651254,0.22175910951035627
rho,Train,8,0.007942219633349179,0.4448188126710476,0.19654789026222497
rho,Development,8,0.007928259295177919,0.4153206524151661,0.17194779922561532
rho,Test,8,0.007983352059517498,0.40850823948097315,0.1663452003725383
Mpi,Train,8,0.007594528583658188,0.5174511414291771,0.26535445074023656
Mpi,Development,8,0.007592052488664719,0.49194071761242647,0.2406877106082561
Mpi,Test,8,0.007607488928135124,0.49361077386355445,0.2429956949094284
Mexp,Train,8,0.00762931773206731,0.509642417157727,0.2586084808433148
Mexp,Development,8,0.0076118498612822195,0.4872743028577173,0.23672251465902006
Mexp,Test,8,0.007670144589228571,0.48010804395587564,0.23047489440355762
Sexp,Train,8,0.007600436508897296,0.516433451223657,0.26421101725185037
Sexp,Development,8,0.007655934371325068,0.4782446660622899,0.2278557729573667
Sexp,Test,8,0.007633758658323054,0.48800277261346114,0.23775858339242617
winLen,Train,8,0.007764126335113556,0.48581663356880034,0.2321765057648667
winLen,Development,8,0.007800233474817589,0.446829195957895,0.19847471139265338
winLen,Test,8,0.007833560210507025,0.4454845034421901,0.19733548599033102
geneLen,Train,8,0.007698919110987653,0.4976096883189467,0.2450195197293159
geneLen,Development,8,0.007721048566141582,0.4641793773488632,0.21466565036486196
geneLen,Test,8,0.007663830752615639,0.4829084115664986,0.23174127366897446
none,Train,9,0.007598052346475813,0.5127332308584652,0.2603204778488143
none,Development,9,0.007777664704508001,0.466269554961837,0.21434580438941175
none,Test,9,0.007743446208828471,0.49435763857953446,0.24305147284407191
gerp,Train,9,0.007587415358872257,0.513385628346697,0.26239007519396895
gerp,Development,9,0.007769527610844789,0.4647568596766759,0.21598886765584058
gerp,Test,9,0.007797010586143803,0.4822939094899506,0.23254304811965087
mr,Train,9,0.007665148114692263,0.49937264036813594,0.24719909005940244
mr,Development,9,0.007779222480274388,0.4635609946185348,0.21403105808008782
mr,Test,9,0.007872539582355296,0.4668072711100268,0.21760244880337387
tau,Train,9,0.00774800282818127,0.4830155015945646,0.2308366644769847
tau,Development,9,0.007929806200116275,0.4304579890122932,0.1833082891548624
tau,Test,9,0.007984361502272481,0.4452128412928924,0.19521817351154425
SIFTsorghum,Train,9,0.007651703446361823,0.5006866203295516,0.24983759936062178
SIFTsorghum,Development,9,0.007878818287228286,0.4421213533280888,0.19377702687361342
SIFTsorghum,Test,9,0.007749020585733669,0.4919226295489298,0.24196125149975944
SIFTcounts,Train,9,0.008073534367253953,0.4119911268164224,0.16484626140865766
SIFTcounts,Development,9,0.00824112695260347,0.3477453712477363,0.11792358637209133
SIFTcounts,Test,9,0.008201840638219392,0.39175932064811925,0.15077957689884836
frac,Train,9,0.007611847788260584,0.5096923056480285,0.2576320337633704
frac,Development,9,0.007810744003374209,0.45969494592295734,0.20764863813335466
frac,Test,9,0.007870182301750846,0.4690652952599007,0.21807092646003068
rho,Train,9,0.007773429979223079,0.4757415562303409,0.22577994868772178
rho,Development,9,0.007908402997201273,0.43381173600726747,0.18771097649116275
rho,Test,9,0.007999140714661335,0.4396228458853445,0.1922360816834039
Mpi,Train,9,0.0075825929673948534,0.5154770520663172,0.2633273939667271
Mpi,Development,9,0.007774640102108496,0.4657701309116451,0.21495674086087624
Mpi,Test,9,0.007734781486017506,0.49795259528320246,0.24474453803881346
Mexp,Train,9,0.007560597443039869,0.5186162839460122,0.26759506304140723
Mexp,Development,9,0.007738208864907957,0.4748772598929653,0.22229678184537605
Mexp,Test,9,0.007768985331001513,0.49010742939827046,0.23805016462165596
Sexp,Train,9,0.007842943437139848,0.5040705944705245,0.2118711983682391
Sexp,Development,9,0.00802371639818704,0.44964894270099404,0.16385010322238547
Sexp,Test,9,0.008044664486321998,0.4773047056660252,0.18301581689614077
winLen,Train,9,0.007786147868555636,0.4801378131896949,0.2232445171720946
winLen,Development,9,0.007898791170539545,0.44012988399430525,0.18968427923045816
winLen,Test,9,0.007995116350584183,0.4441591399796457,0.19304864855519488
geneLen,Train,9,0.00765265243586376,0.5014229032693972,0.24965151259084395
geneLen,Development,9,0.007874371220451731,0.4413229639097188,0.19468688808088386
geneLen,Test,9,0.007857176227553709,0.47033455854848655,0.22065318540942214
